title,url,thubmnail,channel_name,description
üçÖü§Øüçé IS THE TOMATO REALLY AN APPLE? üçéü§ØüçÖ Photography Tutorial in #Shorts by youneszarou,https://www.youtube.com/shorts/FrjCHMHK8Xc,https://i.ytimg.com/vi/FrjCHMHK8Xc/hq2.jpg,Younes Zarou,Thanks for watching. I am glad if I could entertain you with my videos. For more cool videos just leave a subscription and a like there Check out my Facebook page: https://www.facebook.com/Younesz...
One Trillion Minecraft Views on YouTube and Counting,https://www.youtube.com/watch?v=YXY74kWderc,https://i.ytimg.com/vi/YXY74kWderc/hqdefault.jpg?sqp=-oaymwEcCPYBEIoBSFXyq4qpAw4IARUAAIhCGAFwAcABBg==&rs=AOn4CLD1xY_J6q27BUMtRSftjJuiYvKrhA,YouTube,The Minecraft community has crushed one trillion views on YouTube. Celebrate this huge milestone with a look back at some of the biggest moments in Minecraft history. http://youtube.com/onetrillion...
George Harrison - My Sweet Lord (Official Music Video),https://www.youtube.com/watch?v=04v-SdKeEpE,https://i.ytimg.com/vi/04v-SdKeEpE/hqdefault.jpg?sqp=-oaymwEcCPYBEIoBSFXyq4qpAw4IARUAAIhCGAFwAcABBg==&rs=AOn4CLDFKsSKrxgWLjYbMoB2ubDHcBDVzg,George Harrison,"Official Music Video for George Harrison ‚ÄúMy Sweet Lord‚Äù In celebration of the 50th anniversary of George Harrison's classic solo album, All Things Must Pass is celebrated with a suite..."
A Pokemon YouTuber thought he was better than me...,https://www.youtube.com/watch?v=T_Arb_F71wk,,SmallAnt,"I raced @aDrive in a Pokemon Emerald Map Randomizer race If you wanna try this, PointCrow's Universal Map Randomizer can be found here: https://discord.gg/pointcrow created by: AtSign, XLuma,..."
EXPLODING Glitter Bomb 4.0 vs. Package Thieves,https://www.youtube.com/watch?v=3c584TGG7jQ,,Mark Rober,"Merry Christmas ya filthy animals. If you want to learn the design fundamentals it takes to make something like the Glitter Bomb, enroll in my Creative Engineering course at https://Monthly.com/Mar..."
I Customized 100 Houses And Gave Them Away!,https://www.youtube.com/watch?v=l2V3DhkqqYM,,ZHC,MAKE SURE YOU WATCH UNTIL THE VILLAGE IS FINISHED! Subscribe to all these channels! NicksArtt - https://www.youtube.com/c/nicksartt ZHC Crafts -https://www.youtube.com/channel/UCPAk4rqVIwg1NCXh61V...
GTA 5 - DLC Vehicle Customization - Bravado Buffalo STX (Dodge Charger Hellcat),https://www.youtube.com/watch?v=Mt6dWcfgA6k,,Digital Car Addict,"Bravado Buffalo STX Base Price - $2,150,000 (Trade Price: $1,612,500) Class - Muscle Drive-train - RWD Primarily Based Off - Dodge Charger SRT Hellcat DLC Update - The Contract Update"
Indie World Showcase 12.15.2021 - Nintendo Switch,https://www.youtube.com/watch?v=NsSBN64IVpI,,Nintendo,Check out a selection of indie games from around the world coming to Nintendo Switch in the latest Indie World Showcase! Follow Indie World on Twitter: https://twitter.com/IndieWorldNA Visit...
"Minecraft Celebrates the Community! (Yes, that means you!)",https://www.youtube.com/watch?v=LMCt-gSvEqU,,Minecraft,"The Minecraft community have generated so much content on YouTube, that when the trillionth click was clacked this video appeared. Welcome to a world that the community inspired, with their..."
Why We Should NOT Look For Aliens - The Dark Forest,https://www.youtube.com/watch?v=xAUJYP8tnRE,,Kurzgesagt ‚Äì In a Nutshell,Getting something from the kurzgesagt shop is the best way to support us and to keep our videos free for everyone. Thank You! ‚ñ∫‚ñ∫ https://kgs.link/shop. (Worldwide Shipping Available) Sources...
